"session","0","0","0","0","0",,"0","2678"
"2018/2019","2","1","1","27","40450","ND SCIENCES - MORNING - SCHOOL FEE","1","2101"
"2018/2019","2","1","1","30","40450","ND SCIENCES - MORNING - SCHOOL FEE","1","2102"
"2018/2019","2","1","1","26","40450","ND SCIENCES - MORNING - SCHOOL FEE","1","2103"
"2018/2019","2","1","1","28","40450","ND SCIENCES - MORNING - SCHOOL FEE","1","2104"
"2018/2019","2","1","1","11","40450","ND SCIENCES - MORNING - SCHOOL FEE","1","2105"
"2018/2019","2","1","1","45","40450","ND SCIENCES - MORNING - SCHOOL FEE","1","2106"
"2018/2019","2","1","1","29","40450","ND SCIENCES - MORNING - SCHOOL FEE","1","2107"
"2018/2019","2","1","1","20","40450","ND SCIENCES - MORNING - SCHOOL FEE","1","2108"
"2018/2019","2","1","1","19","40450","ND SCIENCES - MORNING - SCHOOL FEE","1","2109"
"2018/2019","2","1","1","17","40450","ND SCIENCES - MORNING - SCHOOL FEE","1","2110"
"2018/2019","2","1","1","16","40450","ND SCIENCES - MORNING - SCHOOL FEE","1","2111"
"2018/2019","2","1","1","8","40450","ND SCIENCES - MORNING - SCHOOL FEE","1","2112"
"2018/2019","2","1","1","43","40450","ND SCIENCES - MORNING - SCHOOL FEE","1","2113"
"2018/2019","2","1","1","5","40450","ND SCIENCES - MORNING - SCHOOL FEE","1","2114"
"2018/2019","2","1","1","10","40450","ND SCIENCES - MORNING - SCHOOL FEE","1","2115"
"2018/2019","2","1","1","39","40450","ND SCIENCES - MORNING - SCHOOL FEE","1","2116"
"2018/2019","2","1","1","6","39950","ND SCIENCES - MORNING - SCHOOL FEE","2","2117"
"2018/2019","2","1","1","40","39950","ND SCIENCES - MORNING - SCHOOL FEE","2","2118"
"2018/2019","2","1","1","42","39950","ND SCIENCES - MORNING - SCHOOL FEE","2","2119"
"2018/2019","2","1","1","41","39950","ND SCIENCES - MORNING - SCHOOL FEE","2","2120"
"2018/2019","2","1","1","18","39950","ND SCIENCES - MORNING - SCHOOL FEE","2","2121"
"2018/2019","2","1","1","4","39950","ND SCIENCES - MORNING - SCHOOL FEE","2","2122"
"2018/2019","2","1","1","7","39950","ND SCIENCES - MORNING - SCHOOL FEE","2","2123"
"2018/2019","2","1","1","9","39950","ND SCIENCES - MORNING - SCHOOL FEE","2","2124"
"2018/2019","2","1","1","1","39950","ND SCIENCES - MORNING - SCHOOL FEE","2","2125"
"2018/2019","2","1","1","13","39950","ND SCIENCES - MORNING - SCHOOL FEE","2","2126"
"2018/2019","2","1","1","2","39950","ND SCIENCES - MORNING - SCHOOL FEE","2","2127"
"2018/2019","2","1","1","21","39950","ND SCIENCES - MORNING - SCHOOL FEE","2","2128"
"2018/2019","2","1","1","22","39950","ND SCIENCES - MORNING - SCHOOL FEE","2","2129"
"2018/2019","2","1","1","23","39950","ND SCIENCES - MORNING - SCHOOL FEE","2","2130"
"2018/2019","2","1","1","24","39950","ND SCIENCES - MORNING - SCHOOL FEE","2","2131"
"2018/2019","2","1","1","25","39950","ND SCIENCES - MORNING - SCHOOL FEE","2","2132"
"2018/2019","2","1","1","31","39950","ND OTHER COURSES - MORNING - SCHOOL FEE","2","2133"
"2018/2019","2","1","1","12","39950","ND SHSS - MORNING - SCHOOL FEE","2","2134"
"2018/2019","2","1","1","36","37450","ND OTHER COURSES - MORNING - SCHOOL FEE","3","2135"
"2018/2019","2","1","1","34","37450","ND OTHER COURSES - MORNING - SCHOOL FEE","3","2136"
"2018/2019","2","1","1","33","37450","ND OTHER COURSES - MORNING - SCHOOL FEE","3","2137"
"2018/2019","2","1","1","37","37450","ND OTHER COURSES - MORNING - SCHOOL FEE","3","2138"
"2018/2019","2","1","1","38","37450","ND OTHER COURSES - MORNING - SCHOOL FEE","3","2139"
"2018/2019","2","1","1","32","37450","ND OTHER COURSES - MORNING - SCHOOL FEE","3","2140"
"2018/2019","2","1","1","35","37450","ND OTHER COURSES - MORNING - SCHOOL FEE","3","2141"
"2018/2019","2","1","1","3","37450","ND OTHER COURSES - MORNING - SCHOOL FEE","3","2142"
"2018/2019","2","2","1","31","24550","ND OTHER COURSES - MORNING - SCHOOL FEE","4","2143"
"2018/2019","2","2","1","20","24550","ND SCIENCES - MORNING - SCHOOL FEE","4","2144"
"2018/2019","2","2","1","19","24550","ND SCIENCES - MORNING - SCHOOL FEE","4","2145"
"2018/2019","2","2","1","17","24550","ND SCIENCES - MORNING - SCHOOL FEE","4","2146"
"2018/2019","2","2","1","16","24550","ND SCIENCES - MORNING - SCHOOL FEE","4","2147"
"2018/2019","2","2","1","8","24550","ND SCIENCES - MORNING - SCHOOL FEE","4","2148"
"2018/2019","2","2","1","43","24550","ND SCIENCES - MORNING - SCHOOL FEE","4","2149"
"2018/2019","2","2","1","5","24550","ND SCIENCES - MORNING - SCHOOL FEE","4","2150"
"2018/2019","2","2","1","10","24550","ND SCIENCES - MORNING - SCHOOL FEE","4","2151"
"2018/2019","2","2","1","39","24550","ND SCIENCES - MORNING - SCHOOL FEE","4","2152"
"2018/2019","2","2","1","27","24550","ND SCIENCES - MORNING - SCHOOL FEE","4","2153"
"2018/2019","2","2","1","30","24550","ND SCIENCES - MORNING - SCHOOL FEE","4","2154"
"2018/2019","2","2","1","26","24550","ND SCIENCES - MORNING - SCHOOL FEE","4","2155"
"2018/2019","2","2","1","28","24550","ND SCIENCES - MORNING - SCHOOL FEE","4","2156"
"2018/2019","2","2","1","11","24550","ND SCIENCES - MORNING - SCHOOL FEE","4","2157"
"2018/2019","2","2","1","45","24550","ND SCIENCES - MORNING - SCHOOL FEE","4","2158"
"2018/2019","2","2","1","29","24550","ND SCIENCES - MORNING - SCHOOL FEE","4","2159"
"2018/2019","2","2","1","6","24550","ND SCIENCES - MORNING - SCHOOL FEE","4","2160"
"2018/2019","2","2","1","40","24550","ND SCIENCES - MORNING - SCHOOL FEE","4","2161"
"2018/2019","2","2","1","42","24550","ND SCIENCES - MORNING - SCHOOL FEE","4","2162"
"2018/2019","2","2","1","41","24550","ND SCIENCES - MORNING - SCHOOL FEE","4","2163"
"2018/2019","2","2","1","18","24550","ND SCIENCES - MORNING - SCHOOL FEE","4","2164"
"2018/2019","2","2","1","4","24550","ND SCIENCES - MORNING - SCHOOL FEE","4","2165"
"2018/2019","2","2","1","7","24550","ND SCIENCES - MORNING - SCHOOL FEE","4","2166"
"2018/2019","2","2","1","9","24550","ND SCIENCES - MORNING - SCHOOL FEE","4","2167"
"2018/2019","2","2","1","1","24550","ND SCIENCES - MORNING - SCHOOL FEE","4","2168"
"2018/2019","2","2","1","13","24550","ND SCIENCES - MORNING - SCHOOL FEE","4","2169"
"2018/2019","2","2","1","2","24550","ND SCIENCES - MORNING - SCHOOL FEE","4","2170"
"2018/2019","2","2","1","21","24550","ND SCIENCES - MORNING - SCHOOL FEE","4","2171"
"2018/2019","2","2","1","22","24550","ND SCIENCES - MORNING - SCHOOL FEE","4","2172"
"2018/2019","2","2","1","23","24550","ND SCIENCES - MORNING - SCHOOL FEE","4","2173"
"2018/2019","2","2","1","24","24550","ND SCIENCES - MORNING - SCHOOL FEE","4","2174"
"2018/2019","2","2","1","25","24550","ND SCIENCES - MORNING - SCHOOL FEE","4","2175"
"2018/2019","2","2","1","12","24550","ND SHSS - MORNING - SCHOOL FEE","4","2176"
"2018/2019","2","2","1","36","23800","ND OTHER COURSES - MORNING - SCHOOL FEE","5","2177"
"2018/2019","2","2","1","34","23800","ND OTHER COURSES - MORNING - SCHOOL FEE","5","2178"
"2018/2019","2","2","1","33","23800","ND OTHER COURSES - MORNING - SCHOOL FEE","5","2179"
"2018/2019","2","2","1","37","23800","ND OTHER COURSES - MORNING - SCHOOL FEE","5","2180"
"2018/2019","2","2","1","38","23800","ND OTHER COURSES - MORNING - SCHOOL FEE","5","2181"
"2018/2019","2","2","1","32","23800","ND OTHER COURSES - MORNING - SCHOOL FEE","5","2182"
"2018/2019","2","2","1","35","23800","ND OTHER COURSES - MORNING - SCHOOL FEE","5","2183"
"2018/2019","2","2","1","3","23800","ND OTHER COURSES - MORNING - SCHOOL FEE","5","2184"
"2018/2019","2","1","4","20","38950","HND SCIENCES - MORNING - SCHOOL FEE","6","2185"
"2018/2019","2","1","4","19","38950","HND SCIENCES - MORNING - SCHOOL FEE","6","2186"
"2018/2019","2","1","4","17","38950","HND SCIENCES - MORNING - SCHOOL FEE","6","2187"
"2018/2019","2","1","4","16","38950","HND SCIENCES - MORNING - SCHOOL FEE","6","2188"
"2018/2019","2","1","4","8","38950","HND SCIENCES - MORNING - SCHOOL FEE","6","2189"
"2018/2019","2","1","4","43","38950","HND SCIENCES - MORNING - SCHOOL FEE","6","2190"
"2018/2019","2","1","4","5","38950","HND SCIENCES - MORNING - SCHOOL FEE","6","2191"
"2018/2019","2","1","4","10","38950","HND SCIENCES - MORNING - SCHOOL FEE","6","2192"
"2018/2019","2","1","4","39","38950","HND SCIENCES - MORNING - SCHOOL FEE","6","2193"
"2018/2019","2","1","4","27","38950","HND SCIENCES - MORNING - SCHOOL FEE","6","2194"
"2018/2019","2","1","4","30","38950","HND SCIENCES - MORNING - SCHOOL FEE","6","2195"
"2018/2019","2","1","4","26","38950","HND SCIENCES - MORNING - SCHOOL FEE","6","2196"
"2018/2019","2","1","4","28","38950","HND SCIENCES - MORNING - SCHOOL FEE","6","2197"
"2018/2019","2","1","4","11","38950","HND SCIENCES - MORNING - SCHOOL FEE","6","2198"
"2018/2019","2","1","4","45","38950","HND SCIENCES - MORNING - SCHOOL FEE","6","2199"
"2018/2019","2","1","4","29","38950","HND SCIENCES - MORNING - SCHOOL FEE","6","2200"
"2018/2019","2","1","4","31","38450","HND OTHER COURSES - MORNING - SCHOOL FEE","7","2201"
"2018/2019","2","1","4","6","38450","HND SCIENCES - MORNING - SCHOOL FEE","7","2202"
"2018/2019","2","1","4","40","38450","HND SCIENCES - MORNING - SCHOOL FEE","7","2203"
"2018/2019","2","1","4","42","38450","HND SCIENCES - MORNING - SCHOOL FEE","7","2204"
"2018/2019","2","1","4","41","38450","HND SCIENCES - MORNING - SCHOOL FEE","7","2205"
"2018/2019","2","1","4","18","38450","HND SCIENCES - MORNING - SCHOOL FEE","7","2206"
"2018/2019","2","1","4","4","38450","HND SCIENCES - MORNING - SCHOOL FEE","7","2207"
"2018/2019","2","1","4","7","38450","HND SCIENCES - MORNING - SCHOOL FEE","7","2208"
"2018/2019","2","1","4","9","38450","HND SCIENCES - MORNING - SCHOOL FEE","7","2209"
"2018/2019","2","1","4","1","38450","HND SCIENCES - MORNING - SCHOOL FEE","7","2210"
"2018/2019","2","1","4","13","38450","HND SCIENCES - MORNING - SCHOOL FEE","7","2211"
"2018/2019","2","1","4","2","38450","HND SCIENCES - MORNING - SCHOOL FEE","7","2212"
"2018/2019","2","1","4","21","38450","HND SCIENCES - MORNING - SCHOOL FEE","7","2213"
"2018/2019","2","1","4","22","38450","HND SCIENCES - MORNING - SCHOOL FEE","7","2214"
"2018/2019","2","1","4","23","38450","HND SCIENCES - MORNING - SCHOOL FEE","7","2215"
"2018/2019","2","1","4","24","38450","HND SCIENCES - MORNING - SCHOOL FEE","7","2216"
"2018/2019","2","1","4","25","38450","HND SCIENCES - MORNING - SCHOOL FEE","7","2217"
"2018/2019","2","1","4","12","38450","HND SHSS - MORNING - SCHOOL FEE","7","2218"
"2018/2019","2","1","4","36","35950","HND OTHER COURSES - MORNING - SCHOOL FEE","8","2219"
"2018/2019","2","1","4","34","35950","HND OTHER COURSES - MORNING - SCHOOL FEE","8","2220"
"2018/2019","2","1","4","33","35950","HND OTHER COURSES - MORNING - SCHOOL FEE","8","2221"
"2018/2019","2","1","4","37","35950","HND OTHER COURSES - MORNING - SCHOOL FEE","8","2222"
"2018/2019","2","1","4","38","35950","HND OTHER COURSES - MORNING - SCHOOL FEE","8","2223"
"2018/2019","2","1","4","32","35950","HND OTHER COURSES - MORNING - SCHOOL FEE","8","2224"
"2018/2019","2","1","4","35","35950","HND OTHER COURSES - MORNING - SCHOOL FEE","8","2225"
"2018/2019","2","1","4","3","35950","HND OTHER COURSES - MORNING - SCHOOL FEE","8","2226"
"2018/2019","2","2","4","31","26550","HND OTHER COURSES - MORNING - SCHOOL FEE","9","2227"
"2018/2019","2","2","4","20","26550","HND SCIENCES - MORNING - SCHOOL FEE","9","2228"
"2018/2019","2","2","4","19","26550","HND SCIENCES - MORNING - SCHOOL FEE","9","2229"
"2018/2019","2","2","4","17","26550","HND SCIENCES - MORNING - SCHOOL FEE","9","2230"
"2018/2019","2","2","4","16","26550","HND SCIENCES - MORNING - SCHOOL FEE","9","2231"
"2018/2019","2","2","4","8","26550","HND SCIENCES - MORNING - SCHOOL FEE","9","2232"
"2018/2019","2","2","4","43","26550","HND SCIENCES - MORNING - SCHOOL FEE","9","2233"
"2018/2019","2","2","4","5","26550","HND SCIENCES - MORNING - SCHOOL FEE","9","2234"
"2018/2019","2","2","4","10","26550","HND SCIENCES - MORNING - SCHOOL FEE","9","2235"
"2018/2019","2","2","4","39","26550","HND SCIENCES - MORNING - SCHOOL FEE","9","2236"
"2018/2019","2","2","4","27","26550","HND SCIENCES - MORNING - SCHOOL FEE","9","2237"
"2018/2019","2","2","4","30","26550","HND SCIENCES - MORNING - SCHOOL FEE","9","2238"
"2018/2019","2","2","4","26","26550","HND SCIENCES - MORNING - SCHOOL FEE","9","2239"
"2018/2019","2","2","4","28","26550","HND SCIENCES - MORNING - SCHOOL FEE","9","2240"
"2018/2019","2","2","4","11","26550","HND SCIENCES - MORNING - SCHOOL FEE","9","2241"
"2018/2019","2","2","4","45","26550","HND SCIENCES - MORNING - SCHOOL FEE","9","2242"
"2018/2019","2","2","4","29","26550","HND SCIENCES - MORNING - SCHOOL FEE","9","2243"
"2018/2019","2","2","4","6","26550","HND SCIENCES - MORNING - SCHOOL FEE","9","2244"
"2018/2019","2","2","4","40","26550","HND SCIENCES - MORNING - SCHOOL FEE","9","2245"
"2018/2019","2","2","4","42","26550","HND SCIENCES - MORNING - SCHOOL FEE","9","2246"
"2018/2019","2","2","4","41","26550","HND SCIENCES - MORNING - SCHOOL FEE","9","2247"
"2018/2019","2","2","4","18","26550","HND SCIENCES - MORNING - SCHOOL FEE","9","2248"
"2018/2019","2","2","4","4","26550","HND SCIENCES - MORNING - SCHOOL FEE","9","2249"
"2018/2019","2","2","4","7","26550","HND SCIENCES - MORNING - SCHOOL FEE","9","2250"
"2018/2019","2","2","4","9","26550","HND SCIENCES - MORNING - SCHOOL FEE","9","2251"
"2018/2019","2","2","4","1","26550","HND SCIENCES - MORNING - SCHOOL FEE","9","2252"
"2018/2019","2","2","4","13","26550","HND SCIENCES - MORNING - SCHOOL FEE","9","2253"
"2018/2019","2","2","4","2","26550","HND SCIENCES - MORNING - SCHOOL FEE","9","2254"
"2018/2019","2","2","4","21","26550","HND SCIENCES - MORNING - SCHOOL FEE","9","2255"
"2018/2019","2","2","4","22","26550","HND SCIENCES - MORNING - SCHOOL FEE","9","2256"
"2018/2019","2","2","4","23","26550","HND SCIENCES - MORNING - SCHOOL FEE","9","2257"
"2018/2019","2","2","4","24","26550","HND SCIENCES - MORNING - SCHOOL FEE","9","2258"
"2018/2019","2","2","4","25","26550","HND SCIENCES - MORNING - SCHOOL FEE","9","2259"
"2018/2019","2","2","4","12","26550","HND SHSS - MORNING - SCHOOL FEE","9","2260"
"2018/2019","2","2","4","36","25800","HND OTHER COURSES - MORNING - SCHOOL FEE","10","2261"
"2018/2019","2","2","4","34","25800","HND OTHER COURSES - MORNING - SCHOOL FEE","10","2262"
"2018/2019","2","2","4","33","25800","HND OTHER COURSES - MORNING - SCHOOL FEE","10","2263"
"2018/2019","2","2","4","37","25800","HND OTHER COURSES - MORNING - SCHOOL FEE","10","2264"
"2018/2019","2","2","4","38","25800","HND OTHER COURSES - MORNING - SCHOOL FEE","10","2265"
"2018/2019","2","2","4","32","25800","HND OTHER COURSES - MORNING - SCHOOL FEE","10","2266"
"2018/2019","2","2","4","35","25800","HND OTHER COURSES - MORNING - SCHOOL FEE","10","2267"
"2018/2019","2","2","4","3","25800","HND OTHER COURSES - MORNING - SCHOOL FEE","10","2268"
"2018/2019","2","1","2","20","43800","ND SCIENCES - EVENING - SCHOOL FEE","11","2269"
"2018/2019","2","1","2","19","43800","ND SCIENCES - EVENING - SCHOOL FEE","11","2270"
"2018/2019","2","1","2","17","43800","ND SCIENCES - EVENING - SCHOOL FEE","11","2271"
"2018/2019","2","1","2","16","43800","ND SCIENCES - EVENING - SCHOOL FEE","11","2272"
"2018/2019","2","1","2","8","43800","ND SCIENCES - EVENING - SCHOOL FEE","11","2273"
"2018/2019","2","1","2","43","43800","ND SCIENCES - EVENING - SCHOOL FEE","11","2274"
"2018/2019","2","1","2","5","43800","ND SCIENCES - EVENING - SCHOOL FEE","11","2275"
"2018/2019","2","1","2","10","43800","ND SCIENCES - EVENING - SCHOOL FEE","11","2276"
"2018/2019","2","1","2","39","43800","ND SCIENCES - EVENING - SCHOOL FEE","11","2277"
"2018/2019","2","1","2","27","43800","ND SCIENCES - EVENING - SCHOOL FEE","11","2278"
"2018/2019","2","1","2","30","43800","ND SCIENCES - EVENING - SCHOOL FEE","11","2279"
"2018/2019","2","1","2","26","43800","ND SCIENCES - EVENING - SCHOOL FEE","11","2280"
"2018/2019","2","1","2","28","43800","ND SCIENCES - EVENING - SCHOOL FEE","11","2281"
"2018/2019","2","1","2","11","43800","ND SCIENCES - EVENING - SCHOOL FEE","11","2282"
"2018/2019","2","1","2","45","43800","ND SCIENCES - EVENING - SCHOOL FEE","11","2283"
"2018/2019","2","1","2","29","43800","ND SCIENCES - EVENING - SCHOOL FEE","11","2284"
"2018/2019","2","1","2","31","43300","ND OTHER COURSES - EVENING - SCHOOL FEE","12","2285"
"2018/2019","2","1","2","6","43300","ND SCIENCES - EVENING - SCHOOL FEE","12","2286"
"2018/2019","2","1","2","40","43300","ND SCIENCES - EVENING - SCHOOL FEE","12","2287"
"2018/2019","2","1","2","42","43300","ND SCIENCES - EVENING - SCHOOL FEE","12","2288"
"2018/2019","2","1","2","41","43300","ND SCIENCES - EVENING - SCHOOL FEE","12","2289"
"2018/2019","2","1","2","18","43300","ND SCIENCES - EVENING - SCHOOL FEE","12","2290"
"2018/2019","2","1","2","4","43300","ND SCIENCES - EVENING - SCHOOL FEE","12","2291"
"2018/2019","2","1","2","7","43300","ND SCIENCES - EVENING - SCHOOL FEE","12","2292"
"2018/2019","2","1","2","9","43300","ND SCIENCES - EVENING - SCHOOL FEE","12","2293"
"2018/2019","2","1","2","1","43300","ND SCIENCES - EVENING - SCHOOL FEE","12","2294"
"2018/2019","2","1","2","13","43300","ND SCIENCES - EVENING - SCHOOL FEE","12","2295"
"2018/2019","2","1","2","2","43300","ND SCIENCES - EVENING - SCHOOL FEE","12","2296"
"2018/2019","2","1","2","21","43300","ND SCIENCES - EVENING - SCHOOL FEE","12","2297"
"2018/2019","2","1","2","22","43300","ND SCIENCES - EVENING - SCHOOL FEE","12","2298"
"2018/2019","2","1","2","23","43300","ND SCIENCES - EVENING - SCHOOL FEE","12","2299"
"2018/2019","2","1","2","24","43300","ND SCIENCES - EVENING - SCHOOL FEE","12","2300"
"2018/2019","2","1","2","25","43300","ND SCIENCES - EVENING - SCHOOL FEE","12","2301"
"2018/2019","2","1","2","12","43300","ND SHSS - EVENING - SCHOOL FEE","12","2302"
"2018/2019","2","1","2","36","40550","ND OTHER COURSES - EVENING - SCHOOL FEE","13","2303"
"2018/2019","2","1","2","34","40550","ND OTHER COURSES - EVENING - SCHOOL FEE","13","2304"
"2018/2019","2","1","2","33","40550","ND OTHER COURSES - EVENING - SCHOOL FEE","13","2305"
"2018/2019","2","1","2","37","40550","ND OTHER COURSES - EVENING - SCHOOL FEE","13","2306"
"2018/2019","2","1","2","38","40550","ND OTHER COURSES - EVENING - SCHOOL FEE","13","2307"
"2018/2019","2","1","2","32","40550","ND OTHER COURSES - EVENING - SCHOOL FEE","13","2308"
"2018/2019","2","1","2","35","40550","ND OTHER COURSES - EVENING - SCHOOL FEE","13","2309"
"2018/2019","2","1","2","3","40550","ND OTHER COURSES - EVENING - SCHOOL FEE","13","2310"
"2018/2019","2","2","2","31","27650","ND OTHER COURSES - EVENING - SCHOOL FEE","14","2311"
"2018/2019","2","2","2","20","27650","ND SCIENCES - EVENING - SCHOOL FEE","14","2312"
"2018/2019","2","2","2","19","27650","ND SCIENCES - EVENING - SCHOOL FEE","14","2313"
"2018/2019","2","2","2","17","27650","ND SCIENCES - EVENING - SCHOOL FEE","14","2314"
"2018/2019","2","2","2","16","27650","ND SCIENCES - EVENING - SCHOOL FEE","14","2315"
"2018/2019","2","2","2","8","27650","ND SCIENCES - EVENING - SCHOOL FEE","14","2316"
"2018/2019","2","2","2","43","27650","ND SCIENCES - EVENING - SCHOOL FEE","14","2317"
"2018/2019","2","2","2","5","27650","ND SCIENCES - EVENING - SCHOOL FEE","14","2318"
"2018/2019","2","2","2","10","27650","ND SCIENCES - EVENING - SCHOOL FEE","14","2319"
"2018/2019","2","2","2","39","27650","ND SCIENCES - EVENING - SCHOOL FEE","14","2320"
"2018/2019","2","2","2","27","27650","ND SCIENCES - EVENING - SCHOOL FEE","14","2321"
"2018/2019","2","2","2","30","27650","ND SCIENCES - EVENING - SCHOOL FEE","14","2322"
"2018/2019","2","2","2","26","27650","ND SCIENCES - EVENING - SCHOOL FEE","14","2323"
"2018/2019","2","2","2","28","27650","ND SCIENCES - EVENING - SCHOOL FEE","14","2324"
"2018/2019","2","2","2","11","27650","ND SCIENCES - EVENING - SCHOOL FEE","14","2325"
"2018/2019","2","2","2","45","27650","ND SCIENCES - EVENING - SCHOOL FEE","14","2326"
"2018/2019","2","2","2","29","27650","ND SCIENCES - EVENING - SCHOOL FEE","14","2327"
"2018/2019","2","2","2","6","27650","ND SCIENCES - EVENING - SCHOOL FEE","14","2328"
"2018/2019","2","2","2","40","27650","ND SCIENCES - EVENING - SCHOOL FEE","14","2329"
"2018/2019","2","2","2","42","27650","ND SCIENCES - EVENING - SCHOOL FEE","14","2330"
"2018/2019","2","2","2","41","27650","ND SCIENCES - EVENING - SCHOOL FEE","14","2331"
"2018/2019","2","2","2","18","27650","ND SCIENCES - EVENING - SCHOOL FEE","14","2332"
"2018/2019","2","2","2","4","27650","ND SCIENCES - EVENING - SCHOOL FEE","14","2333"
"2018/2019","2","2","2","7","27650","ND SCIENCES - EVENING - SCHOOL FEE","14","2334"
"2018/2019","2","2","2","9","27650","ND SCIENCES - EVENING - SCHOOL FEE","14","2335"
"2018/2019","2","2","2","1","27650","ND SCIENCES - EVENING - SCHOOL FEE","14","2336"
"2018/2019","2","2","2","13","27650","ND SCIENCES - EVENING - SCHOOL FEE","14","2337"
"2018/2019","2","2","2","2","27650","ND SCIENCES - EVENING - SCHOOL FEE","14","2338"
"2018/2019","2","2","2","21","27650","ND SCIENCES - EVENING - SCHOOL FEE","14","2339"
"2018/2019","2","2","2","22","27650","ND SCIENCES - EVENING - SCHOOL FEE","14","2340"
"2018/2019","2","2","2","23","27650","ND SCIENCES - EVENING - SCHOOL FEE","14","2341"
"2018/2019","2","2","2","24","27650","ND SCIENCES - EVENING - SCHOOL FEE","14","2342"
"2018/2019","2","2","2","25","27650","ND SCIENCES - EVENING - SCHOOL FEE","14","2343"
"2018/2019","2","2","2","12","27650","ND SHSS - EVENING - SCHOOL FEE","14","2344"
"2018/2019","2","2","2","36","26900","ND OTHER COURSES - EVENING - SCHOOL FEE","15","2345"
"2018/2019","2","2","2","34","26900","ND OTHER COURSES - EVENING - SCHOOL FEE","15","2346"
"2018/2019","2","2","2","33","26900","ND OTHER COURSES - EVENING - SCHOOL FEE","15","2347"
"2018/2019","2","2","2","37","26900","ND OTHER COURSES - EVENING - SCHOOL FEE","15","2348"
"2018/2019","2","2","2","38","26900","ND OTHER COURSES - EVENING - SCHOOL FEE","15","2349"
"2018/2019","2","2","2","32","26900","ND OTHER COURSES - EVENING - SCHOOL FEE","15","2350"
"2018/2019","2","2","2","35","26900","ND OTHER COURSES - EVENING - SCHOOL FEE","15","2351"
"2018/2019","2","2","2","3","26900","ND OTHER COURSES - EVENING - SCHOOL FEE","15","2352"
"2018/2019","2","1","5","20","42300","HND SCIENCES - EVENING - SCHOOL FEE","16","2353"
"2018/2019","2","1","5","19","42300","HND SCIENCES - EVENING - SCHOOL FEE","16","2354"
"2018/2019","2","1","5","17","42300","HND SCIENCES - EVENING - SCHOOL FEE","16","2355"
"2018/2019","2","1","5","16","42300","HND SCIENCES - EVENING - SCHOOL FEE","16","2356"
"2018/2019","2","1","5","8","42300","HND SCIENCES - EVENING - SCHOOL FEE","16","2357"
"2018/2019","2","1","5","43","42300","HND SCIENCES - EVENING - SCHOOL FEE","16","2358"
"2018/2019","2","1","5","5","42300","HND SCIENCES - EVENING - SCHOOL FEE","16","2359"
"2018/2019","2","1","5","10","42300","HND SCIENCES - EVENING - SCHOOL FEE","16","2360"
"2018/2019","2","1","5","39","42300","HND SCIENCES - EVENING - SCHOOL FEE","16","2361"
"2018/2019","2","1","5","27","42300","HND SCIENCES - EVENING - SCHOOL FEE","16","2362"
"2018/2019","2","1","5","30","42300","HND SCIENCES - EVENING - SCHOOL FEE","16","2363"
"2018/2019","2","1","5","26","42300","HND SCIENCES - EVENING - SCHOOL FEE","16","2364"
"2018/2019","2","1","5","28","42300","HND SCIENCES - EVENING - SCHOOL FEE","16","2365"
"2018/2019","2","1","5","11","42300","HND SCIENCES - EVENING - SCHOOL FEE","16","2366"
"2018/2019","2","1","5","45","42300","HND SCIENCES - EVENING - SCHOOL FEE","16","2367"
"2018/2019","2","1","5","29","42300","HND SCIENCES - EVENING - SCHOOL FEE","16","2368"
"2018/2019","2","1","5","31","41800","HND OTHER COURSES - EVENING - SCHOOL FEE","17","2369"
"2018/2019","2","1","5","6","41800","HND SCIENCES - EVENING - SCHOOL FEE","17","2370"
"2018/2019","2","1","5","40","41800","HND SCIENCES - EVENING - SCHOOL FEE","17","2371"
"2018/2019","2","1","5","42","41800","HND SCIENCES - EVENING - SCHOOL FEE","17","2372"
"2018/2019","2","1","5","41","41800","HND SCIENCES - EVENING - SCHOOL FEE","17","2373"
"2018/2019","2","1","5","18","41800","HND SCIENCES - EVENING - SCHOOL FEE","17","2374"
"2018/2019","2","1","5","4","41800","HND SCIENCES - EVENING - SCHOOL FEE","17","2375"
"2018/2019","2","1","5","7","41800","HND SCIENCES - EVENING - SCHOOL FEE","17","2376"
"2018/2019","2","1","5","9","41800","HND SCIENCES - EVENING - SCHOOL FEE","17","2377"
"2018/2019","2","1","5","1","41800","HND SCIENCES - EVENING - SCHOOL FEE","17","2378"
"2018/2019","2","1","5","13","41800","HND SCIENCES - EVENING - SCHOOL FEE","17","2379"
"2018/2019","2","1","5","2","41800","HND SCIENCES - EVENING - SCHOOL FEE","17","2380"
"2018/2019","2","1","5","21","41800","HND SCIENCES - EVENING - SCHOOL FEE","17","2381"
"2018/2019","2","1","5","22","41800","HND SCIENCES - EVENING - SCHOOL FEE","17","2382"
"2018/2019","2","1","5","23","41800","HND SCIENCES - EVENING - SCHOOL FEE","17","2383"
"2018/2019","2","1","5","24","41800","HND SCIENCES - EVENING - SCHOOL FEE","17","2384"
"2018/2019","2","1","5","25","41800","HND SCIENCES - EVENING - SCHOOL FEE","17","2385"
"2018/2019","2","1","5","12","41800","HND SHSS - EVENING - SCHOOL FEE","17","2386"
"2018/2019","2","1","5","36","39050","HND OTHER COURSES - EVENING - SCHOOL FEE","18","2387"
"2018/2019","2","1","5","34","39050","HND OTHER COURSES - EVENING - SCHOOL FEE","18","2388"
"2018/2019","2","1","5","33","39050","HND OTHER COURSES - EVENING - SCHOOL FEE","18","2389"
"2018/2019","2","1","5","37","39050","HND OTHER COURSES - EVENING - SCHOOL FEE","18","2390"
"2018/2019","2","1","5","38","39050","HND OTHER COURSES - EVENING - SCHOOL FEE","18","2391"
"2018/2019","2","1","5","32","39050","HND OTHER COURSES - EVENING - SCHOOL FEE","18","2392"
"2018/2019","2","1","5","35","39050","HND OTHER COURSES - EVENING - SCHOOL FEE","18","2393"
"2018/2019","2","1","5","3","39050","HND OTHER COURSES - EVENING - SCHOOL FEE","18","2394"
"2018/2019","2","2","5","31","29650","HND OTHER COURSES - EVENING - SCHOOL FEE","19","2395"
"2018/2019","2","2","5","20","29650","HND SCIENCES - EVENING - SCHOOL FEE","19","2396"
"2018/2019","2","2","5","19","29650","HND SCIENCES - EVENING - SCHOOL FEE","19","2397"
"2018/2019","2","2","5","17","29650","HND SCIENCES - EVENING - SCHOOL FEE","19","2398"
"2018/2019","2","2","5","16","29650","HND SCIENCES - EVENING - SCHOOL FEE","19","2399"
"2018/2019","2","2","5","8","29650","HND SCIENCES - EVENING - SCHOOL FEE","19","2400"
"2018/2019","2","2","5","43","29650","HND SCIENCES - EVENING - SCHOOL FEE","19","2401"
"2018/2019","2","2","5","5","29650","HND SCIENCES - EVENING - SCHOOL FEE","19","2402"
"2018/2019","2","2","5","10","29650","HND SCIENCES - EVENING - SCHOOL FEE","19","2403"
"2018/2019","2","2","5","39","29650","HND SCIENCES - EVENING - SCHOOL FEE","19","2404"
"2018/2019","2","2","5","27","29650","HND SCIENCES - EVENING - SCHOOL FEE","19","2405"
"2018/2019","2","2","5","30","29650","HND SCIENCES - EVENING - SCHOOL FEE","19","2406"
"2018/2019","2","2","5","26","29650","HND SCIENCES - EVENING - SCHOOL FEE","19","2407"
"2018/2019","2","2","5","28","29650","HND SCIENCES - EVENING - SCHOOL FEE","19","2408"
"2018/2019","2","2","5","11","29650","HND SCIENCES - EVENING - SCHOOL FEE","19","2409"
"2018/2019","2","2","5","45","29650","HND SCIENCES - EVENING - SCHOOL FEE","19","2410"
"2018/2019","2","2","5","29","29650","HND SCIENCES - EVENING - SCHOOL FEE","19","2411"
"2018/2019","2","2","5","6","29650","HND SCIENCES - EVENING - SCHOOL FEE","19","2412"
"2018/2019","2","2","5","40","29650","HND SCIENCES - EVENING - SCHOOL FEE","19","2413"
"2018/2019","2","2","5","42","29650","HND SCIENCES - EVENING - SCHOOL FEE","19","2414"
"2018/2019","2","2","5","41","29650","HND SCIENCES - EVENING - SCHOOL FEE","19","2415"
"2018/2019","2","2","5","18","29650","HND SCIENCES - EVENING - SCHOOL FEE","19","2416"
"2018/2019","2","2","5","4","29650","HND SCIENCES - EVENING - SCHOOL FEE","19","2417"
"2018/2019","2","2","5","7","29650","HND SCIENCES - EVENING - SCHOOL FEE","19","2418"
"2018/2019","2","2","5","9","29650","HND SCIENCES - EVENING - SCHOOL FEE","19","2419"
"2018/2019","2","2","5","1","29650","HND SCIENCES - EVENING - SCHOOL FEE","19","2420"
"2018/2019","2","2","5","13","29650","HND SCIENCES - EVENING - SCHOOL FEE","19","2421"
"2018/2019","2","2","5","2","29650","HND SCIENCES - EVENING - SCHOOL FEE","19","2422"
"2018/2019","2","2","5","21","29650","HND SCIENCES - EVENING - SCHOOL FEE","19","2423"
"2018/2019","2","2","5","22","29650","HND SCIENCES - EVENING - SCHOOL FEE","19","2424"
"2018/2019","2","2","5","23","29650","HND SCIENCES - EVENING - SCHOOL FEE","19","2425"
"2018/2019","2","2","5","24","29650","HND SCIENCES - EVENING - SCHOOL FEE","19","2426"
"2018/2019","2","2","5","25","29650","HND SCIENCES - EVENING - SCHOOL FEE","19","2427"
"2018/2019","2","2","5","12","29650","HND SHSS - EVENING - SCHOOL FEE","19","2428"
"2018/2019","2","2","5","36","28900","HND OTHER COURSES - EVENING - SCHOOL FEE","20","2429"
"2018/2019","2","2","5","34","28900","HND OTHER COURSES - EVENING - SCHOOL FEE","20","2430"
"2018/2019","2","2","5","33","28900","HND OTHER COURSES - EVENING - SCHOOL FEE","20","2431"
"2018/2019","2","2","5","37","28900","HND OTHER COURSES - EVENING - SCHOOL FEE","20","2432"
"2018/2019","2","2","5","38","28900","HND OTHER COURSES - EVENING - SCHOOL FEE","20","2433"
"2018/2019","2","2","5","32","28900","HND OTHER COURSES - EVENING - SCHOOL FEE","20","2434"
"2018/2019","2","2","5","35","28900","HND OTHER COURSES - EVENING - SCHOOL FEE","20","2435"
"2018/2019","2","2","5","3","28900","HND OTHER COURSES - EVENING - SCHOOL FEE","20","2436"
"2018/2019","2","1","3","20","48300","ND SCIENCES - WEEKEND - SCHOOL FEE","21","2437"
"2018/2019","2","1","3","19","48300","ND SCIENCES - WEEKEND - SCHOOL FEE","21","2438"
"2018/2019","2","1","3","17","48300","ND SCIENCES - WEEKEND - SCHOOL FEE","21","2439"
"2018/2019","2","1","3","16","48300","ND SCIENCES - WEEKEND - SCHOOL FEE","21","2440"
"2018/2019","2","1","3","8","48300","ND SCIENCES - WEEKEND - SCHOOL FEE","21","2441"
"2018/2019","2","1","3","43","48300","ND SCIENCES - WEEKEND - SCHOOL FEE","21","2442"
"2018/2019","2","1","3","5","48300","ND SCIENCES - WEEKEND - SCHOOL FEE","21","2443"
"2018/2019","2","1","3","10","48300","ND SCIENCES - WEEKEND - SCHOOL FEE","21","2444"
"2018/2019","2","1","3","39","48300","ND SCIENCES - WEEKEND - SCHOOL FEE","21","2445"
"2018/2019","2","1","3","27","48300","ND SCIENCES - WEEKEND - SCHOOL FEE","21","2446"
"2018/2019","2","1","3","30","48300","ND SCIENCES - WEEKEND - SCHOOL FEE","21","2447"
"2018/2019","2","1","3","26","48300","ND SCIENCES - WEEKEND - SCHOOL FEE","21","2448"
"2018/2019","2","1","3","28","48300","ND SCIENCES - WEEKEND - SCHOOL FEE","21","2449"
"2018/2019","2","1","3","11","48300","ND SCIENCES - WEEKEND - SCHOOL FEE","21","2450"
"2018/2019","2","1","3","45","48300","ND SCIENCES - WEEKEND - SCHOOL FEE","21","2451"
"2018/2019","2","1","3","29","48300","ND SCIENCES - WEEKEND - SCHOOL FEE","21","2452"
"2018/2019","2","1","6","20","48300","HND SCIENCES - WEEKEND - SCHOOL FEE","21","2453"
"2018/2019","2","1","6","19","48300","HND SCIENCES - WEEKEND - SCHOOL FEE","21","2454"
"2018/2019","2","1","6","17","48300","HND SCIENCES - WEEKEND - SCHOOL FEE","21","2455"
"2018/2019","2","1","6","16","48300","HND SCIENCES - WEEKEND - SCHOOL FEE","21","2456"
"2018/2019","2","1","6","8","48300","HND SCIENCES - WEEKEND - SCHOOL FEE","21","2457"
"2018/2019","2","1","6","43","48300","HND SCIENCES - WEEKEND - SCHOOL FEE","21","2458"
"2018/2019","2","1","6","5","48300","HND SCIENCES - WEEKEND - SCHOOL FEE","21","2459"
"2018/2019","2","1","6","10","48300","HND SCIENCES - WEEKEND - SCHOOL FEE","21","2460"
"2018/2019","2","1","6","39","48300","HND SCIENCES - WEEKEND - SCHOOL FEE","21","2461"
"2018/2019","2","1","6","27","48300","HND SCIENCES - WEEKEND - SCHOOL FEE","21","2462"
"2018/2019","2","1","6","30","48300","HND SCIENCES - WEEKEND - SCHOOL FEE","21","2463"
"2018/2019","2","1","6","26","48300","HND SCIENCES - WEEKEND - SCHOOL FEE","21","2464"
"2018/2019","2","1","6","28","48300","HND SCIENCES - WEEKEND - SCHOOL FEE","21","2465"
"2018/2019","2","1","6","11","48300","HND SCIENCES - WEEKEND - SCHOOL FEE","21","2466"
"2018/2019","2","1","6","45","48300","HND SCIENCES - WEEKEND - SCHOOL FEE","21","2467"
"2018/2019","2","1","6","29","48300","HND SCIENCES - WEEKEND - SCHOOL FEE","21","2468"
"2018/2019","2","1","3","31","47800","ND OTHER COURSES - WEEKEND - SCHOOL FEE","22","2469"
"2018/2019","2","1","3","6","47800","ND SCIENCES - WEEKEND - SCHOOL FEE","22","2470"
"2018/2019","2","1","3","40","47800","ND SCIENCES - WEEKEND - SCHOOL FEE","22","2471"
"2018/2019","2","1","3","42","47800","ND SCIENCES - WEEKEND - SCHOOL FEE","22","2472"
"2018/2019","2","1","3","41","47800","ND SCIENCES - WEEKEND - SCHOOL FEE","22","2473"
"2018/2019","2","1","3","18","47800","ND SCIENCES - WEEKEND - SCHOOL FEE","22","2474"
"2018/2019","2","1","3","4","47800","ND SCIENCES - WEEKEND - SCHOOL FEE","22","2475"
"2018/2019","2","1","3","7","47800","ND SCIENCES - WEEKEND - SCHOOL FEE","22","2476"
"2018/2019","2","1","3","9","47800","ND SCIENCES - WEEKEND - SCHOOL FEE","22","2477"
"2018/2019","2","1","3","1","47800","ND SCIENCES - WEEKEND - SCHOOL FEE","22","2478"
"2018/2019","2","1","3","13","47800","ND SCIENCES - WEEKEND - SCHOOL FEE","22","2479"
"2018/2019","2","1","3","2","47800","ND SCIENCES - WEEKEND - SCHOOL FEE","22","2480"
"2018/2019","2","1","3","21","47800","ND SCIENCES - WEEKEND - SCHOOL FEE","22","2481"
"2018/2019","2","1","3","22","47800","ND SCIENCES - WEEKEND - SCHOOL FEE","22","2482"
"2018/2019","2","1","3","23","47800","ND SCIENCES - WEEKEND - SCHOOL FEE","22","2483"
"2018/2019","2","1","3","24","47800","ND SCIENCES - WEEKEND - SCHOOL FEE","22","2484"
"2018/2019","2","1","3","25","47800","ND SCIENCES - WEEKEND - SCHOOL FEE","22","2485"
"2018/2019","2","1","3","12","47800","ND SHSS - WEEKEND - SCHOOL FEE","22","2486"
"2018/2019","2","1","6","31","47800","HND OTHER COURSES - WEEKEND - SCHOOL FEE","22","2487"
"2018/2019","2","1","6","6","47800","HND SCIENCES - WEEKEND - SCHOOL FEE","22","2488"
"2018/2019","2","1","6","40","47800","HND SCIENCES - WEEKEND - SCHOOL FEE","22","2489"
"2018/2019","2","1","6","42","47800","HND SCIENCES - WEEKEND - SCHOOL FEE","22","2490"
"2018/2019","2","1","6","41","47800","HND SCIENCES - WEEKEND - SCHOOL FEE","22","2491"
"2018/2019","2","1","6","18","47800","HND SCIENCES - WEEKEND - SCHOOL FEE","22","2492"
"2018/2019","2","1","6","4","47800","HND SCIENCES - WEEKEND - SCHOOL FEE","22","2493"
"2018/2019","2","1","6","7","47800","HND SCIENCES - WEEKEND - SCHOOL FEE","22","2494"
"2018/2019","2","1","6","9","47800","HND SCIENCES - WEEKEND - SCHOOL FEE","22","2495"
"2018/2019","2","1","6","1","47800","HND SCIENCES - WEEKEND - SCHOOL FEE","22","2496"
"2018/2019","2","1","6","13","47800","HND SCIENCES - WEEKEND - SCHOOL FEE","22","2497"
"2018/2019","2","1","6","2","47800","HND SCIENCES - WEEKEND - SCHOOL FEE","22","2498"
"2018/2019","2","1","6","21","47800","HND SCIENCES - WEEKEND - SCHOOL FEE","22","2499"
"2018/2019","2","1","6","22","47800","HND SCIENCES - WEEKEND - SCHOOL FEE","22","2500"
"2018/2019","2","1","6","23","47800","HND SCIENCES - WEEKEND - SCHOOL FEE","22","2501"
"2018/2019","2","1","6","24","47800","HND SCIENCES - WEEKEND - SCHOOL FEE","22","2502"
"2018/2019","2","1","6","25","47800","HND SCIENCES - WEEKEND - SCHOOL FEE","22","2503"
"2018/2019","2","1","6","12","47800","HND SHSS - WEEKEND - SCHOOL FEE","22","2504"
"2018/2019","2","1","3","36","44300","ND OTHER COURSES - WEEKEND - SCHOOL FEE","23","2505"
"2018/2019","2","1","3","34","44300","ND OTHER COURSES - WEEKEND - SCHOOL FEE","23","2506"
"2018/2019","2","1","3","33","44300","ND OTHER COURSES - WEEKEND - SCHOOL FEE","23","2507"
"2018/2019","2","1","3","37","44300","ND OTHER COURSES - WEEKEND - SCHOOL FEE","23","2508"
"2018/2019","2","1","3","38","44300","ND OTHER COURSES - WEEKEND - SCHOOL FEE","23","2509"
"2018/2019","2","1","3","32","44300","ND OTHER COURSES - WEEKEND - SCHOOL FEE","23","2510"
"2018/2019","2","1","3","35","44300","ND OTHER COURSES - WEEKEND - SCHOOL FEE","23","2511"
"2018/2019","2","1","3","3","44300","ND OTHER COURSES - WEEKEND - SCHOOL FEE","23","2512"
"2018/2019","2","1","6","36","44300","HND OTHER COURSES - WEEKEND - SCHOOL FEE","23","2513"
"2018/2019","2","1","6","34","44300","HND OTHER COURSES - WEEKEND - SCHOOL FEE","23","2514"
"2018/2019","2","1","6","33","44300","HND OTHER COURSES - WEEKEND - SCHOOL FEE","23","2515"
"2018/2019","2","1","6","37","44300","HND OTHER COURSES - WEEKEND - SCHOOL FEE","23","2516"
"2018/2019","2","1","6","38","44300","HND OTHER COURSES - WEEKEND - SCHOOL FEE","23","2517"
"2018/2019","2","1","6","32","44300","HND OTHER COURSES - WEEKEND - SCHOOL FEE","23","2518"
"2018/2019","2","1","6","35","44300","HND OTHER COURSES - WEEKEND - SCHOOL FEE","23","2519"
"2018/2019","2","1","6","3","44300","HND OTHER COURSES - WEEKEND - SCHOOL FEE","23","2520"
"2018/2019","2","2","3","31","34150","ND OTHER COURSES - WEEKEND - SCHOOL FEE","24","2521"
"2018/2019","2","2","3","20","34150","ND SCIENCES - WEEKEND - SCHOOL FEE","24","2522"
"2018/2019","2","2","3","19","34150","ND SCIENCES - WEEKEND - SCHOOL FEE","24","2523"
"2018/2019","2","2","3","17","34150","ND SCIENCES - WEEKEND - SCHOOL FEE","24","2524"
"2018/2019","2","2","3","16","34150","ND SCIENCES - WEEKEND - SCHOOL FEE","24","2525"
"2018/2019","2","2","3","8","34150","ND SCIENCES - WEEKEND - SCHOOL FEE","24","2526"
"2018/2019","2","2","3","43","34150","ND SCIENCES - WEEKEND - SCHOOL FEE","24","2527"
"2018/2019","2","2","3","5","34150","ND SCIENCES - WEEKEND - SCHOOL FEE","24","2528"
"2018/2019","2","2","3","10","34150","ND SCIENCES - WEEKEND - SCHOOL FEE","24","2529"
"2018/2019","2","2","3","39","34150","ND SCIENCES - WEEKEND - SCHOOL FEE","24","2530"
"2018/2019","2","2","3","27","34150","ND SCIENCES - WEEKEND - SCHOOL FEE","24","2531"
"2018/2019","2","2","3","30","34150","ND SCIENCES - WEEKEND - SCHOOL FEE","24","2532"
"2018/2019","2","2","3","26","34150","ND SCIENCES - WEEKEND - SCHOOL FEE","24","2533"
"2018/2019","2","2","3","28","34150","ND SCIENCES - WEEKEND - SCHOOL FEE","24","2534"
"2018/2019","2","2","3","11","34150","ND SCIENCES - WEEKEND - SCHOOL FEE","24","2535"
"2018/2019","2","2","3","45","34150","ND SCIENCES - WEEKEND - SCHOOL FEE","24","2536"
"2018/2019","2","2","3","29","34150","ND SCIENCES - WEEKEND - SCHOOL FEE","24","2537"
"2018/2019","2","2","3","6","34150","ND SCIENCES - WEEKEND - SCHOOL FEE","24","2538"
"2018/2019","2","2","3","40","34150","ND SCIENCES - WEEKEND - SCHOOL FEE","24","2539"
"2018/2019","2","2","3","42","34150","ND SCIENCES - WEEKEND - SCHOOL FEE","24","2540"
"2018/2019","2","2","3","41","34150","ND SCIENCES - WEEKEND - SCHOOL FEE","24","2541"
"2018/2019","2","2","3","18","34150","ND SCIENCES - WEEKEND - SCHOOL FEE","24","2542"
"2018/2019","2","2","3","4","34150","ND SCIENCES - WEEKEND - SCHOOL FEE","24","2543"
"2018/2019","2","2","3","7","34150","ND SCIENCES - WEEKEND - SCHOOL FEE","24","2544"
"2018/2019","2","2","3","9","34150","ND SCIENCES - WEEKEND - SCHOOL FEE","24","2545"
"2018/2019","2","2","3","1","34150","ND SCIENCES - WEEKEND - SCHOOL FEE","24","2546"
"2018/2019","2","2","3","13","34150","ND SCIENCES - WEEKEND - SCHOOL FEE","24","2547"
"2018/2019","2","2","3","2","34150","ND SCIENCES - WEEKEND - SCHOOL FEE","24","2548"
"2018/2019","2","2","3","21","34150","ND SCIENCES - WEEKEND - SCHOOL FEE","24","2549"
"2018/2019","2","2","3","22","34150","ND SCIENCES - WEEKEND - SCHOOL FEE","24","2550"
"2018/2019","2","2","3","23","34150","ND SCIENCES - WEEKEND - SCHOOL FEE","24","2551"
"2018/2019","2","2","3","24","34150","ND SCIENCES - WEEKEND - SCHOOL FEE","24","2552"
"2018/2019","2","2","3","25","34150","ND SCIENCES - WEEKEND - SCHOOL FEE","24","2553"
"2018/2019","2","2","3","12","34150","ND SHSS - WEEKEND - SCHOOL FEE","24","2554"
"2018/2019","2","2","6","31","34150","HND OTHER COURSES - WEEKEND - SCHOOL FEE","24","2555"
"2018/2019","2","2","6","20","34150","HND SCIENCES - WEEKEND - SCHOOL FEE","24","2556"
"2018/2019","2","2","6","19","34150","HND SCIENCES - WEEKEND - SCHOOL FEE","24","2557"
"2018/2019","2","2","6","17","34150","HND SCIENCES - WEEKEND - SCHOOL FEE","24","2558"
"2018/2019","2","2","6","16","34150","HND SCIENCES - WEEKEND - SCHOOL FEE","24","2559"
"2018/2019","2","2","6","8","34150","HND SCIENCES - WEEKEND - SCHOOL FEE","24","2560"
"2018/2019","2","2","6","43","34150","HND SCIENCES - WEEKEND - SCHOOL FEE","24","2561"
"2018/2019","2","2","6","5","34150","HND SCIENCES - WEEKEND - SCHOOL FEE","24","2562"
"2018/2019","2","2","6","10","34150","HND SCIENCES - WEEKEND - SCHOOL FEE","24","2563"
"2018/2019","2","2","6","39","34150","HND SCIENCES - WEEKEND - SCHOOL FEE","24","2564"
"2018/2019","2","2","6","27","34150","HND SCIENCES - WEEKEND - SCHOOL FEE","24","2565"
"2018/2019","2","2","6","30","34150","HND SCIENCES - WEEKEND - SCHOOL FEE","24","2566"
"2018/2019","2","2","6","26","34150","HND SCIENCES - WEEKEND - SCHOOL FEE","24","2567"
"2018/2019","2","2","6","28","34150","HND SCIENCES - WEEKEND - SCHOOL FEE","24","2568"
"2018/2019","2","2","6","11","34150","HND SCIENCES - WEEKEND - SCHOOL FEE","24","2569"
"2018/2019","2","2","6","45","34150","HND SCIENCES - WEEKEND - SCHOOL FEE","24","2570"
"2018/2019","2","2","6","29","34150","HND SCIENCES - WEEKEND - SCHOOL FEE","24","2571"
"2018/2019","2","2","6","6","34150","HND SCIENCES - WEEKEND - SCHOOL FEE","24","2572"
"2018/2019","2","2","6","40","34150","HND SCIENCES - WEEKEND - SCHOOL FEE","24","2573"
"2018/2019","2","2","6","42","34150","HND SCIENCES - WEEKEND - SCHOOL FEE","24","2574"
"2018/2019","2","2","6","41","34150","HND SCIENCES - WEEKEND - SCHOOL FEE","24","2575"
"2018/2019","2","2","6","18","34150","HND SCIENCES - WEEKEND - SCHOOL FEE","24","2576"
"2018/2019","2","2","6","4","34150","HND SCIENCES - WEEKEND - SCHOOL FEE","24","2577"
"2018/2019","2","2","6","7","34150","HND SCIENCES - WEEKEND - SCHOOL FEE","24","2578"
"2018/2019","2","2","6","9","34150","HND SCIENCES - WEEKEND - SCHOOL FEE","24","2579"
"2018/2019","2","2","6","1","34150","HND SCIENCES - WEEKEND - SCHOOL FEE","24","2580"
"2018/2019","2","2","6","13","34150","HND SCIENCES - WEEKEND - SCHOOL FEE","24","2581"
"2018/2019","2","2","6","2","34150","HND SCIENCES - WEEKEND - SCHOOL FEE","24","2582"
"2018/2019","2","2","6","21","34150","HND SCIENCES - WEEKEND - SCHOOL FEE","24","2583"
"2018/2019","2","2","6","22","34150","HND SCIENCES - WEEKEND - SCHOOL FEE","24","2584"
"2018/2019","2","2","6","23","34150","HND SCIENCES - WEEKEND - SCHOOL FEE","24","2585"
"2018/2019","2","2","6","24","34150","HND SCIENCES - WEEKEND - SCHOOL FEE","24","2586"
"2018/2019","2","2","6","25","34150","HND SCIENCES - WEEKEND - SCHOOL FEE","24","2587"
"2018/2019","2","2","6","12","34150","HND SHSS - WEEKEND - SCHOOL FEE","24","2588"
"2018/2019","2","2","3","36","32650","ND OTHER COURSES - WEEKEND - SCHOOL FEE","25","2589"
"2018/2019","2","2","3","34","32650","ND OTHER COURSES - WEEKEND - SCHOOL FEE","25","2590"
"2018/2019","2","2","3","33","32650","ND OTHER COURSES - WEEKEND - SCHOOL FEE","25","2591"
"2018/2019","2","2","3","37","32650","ND OTHER COURSES - WEEKEND - SCHOOL FEE","25","2592"
"2018/2019","2","2","3","38","32650","ND OTHER COURSES - WEEKEND - SCHOOL FEE","25","2593"
"2018/2019","2","2","3","32","32650","ND OTHER COURSES - WEEKEND - SCHOOL FEE","25","2594"
"2018/2019","2","2","3","35","32650","ND OTHER COURSES - WEEKEND - SCHOOL FEE","25","2595"
"2018/2019","2","2","3","3","32650","ND OTHER COURSES - WEEKEND - SCHOOL FEE","25","2596"
"2018/2019","2","2","6","36","32650","HND OTHER COURSES - WEEKEND - SCHOOL FEE","25","2597"
"2018/2019","2","2","6","34","32650","HND OTHER COURSES - WEEKEND - SCHOOL FEE","25","2598"
"2018/2019","2","2","6","33","32650","HND OTHER COURSES - WEEKEND - SCHOOL FEE","25","2599"
"2018/2019","2","2","6","37","32650","HND OTHER COURSES - WEEKEND - SCHOOL FEE","25","2600"
"2018/2019","2","2","6","38","32650","HND OTHER COURSES - WEEKEND - SCHOOL FEE","25","2601"
"2018/2019","2","2","6","32","32650","HND OTHER COURSES - WEEKEND - SCHOOL FEE","25","2602"
"2018/2019","2","2","6","35","32650","HND OTHER COURSES - WEEKEND - SCHOOL FEE","25","2603"
"2018/2019","2","2","6","3","32650","HND OTHER COURSES - WEEKEND - SCHOOL FEE","25","2604"
"2018/2019","3","0","0","0","32650",,"0","2605"
"2018/2019","2","1","1","14","39950","ND SHSS - MORNING - SCHOOL FEE","2","2606"
"2018/2019","2","2","1","14","24550","ND SHSS - MORNING - SCHOOL FEE","4","2607"
"2018/2019","2","1","4","14","38450","HND SHSS - MORNING - SCHOOL FEE","7","2608"
"2018/2019","2","2","4","14","26550","HND SHSS - MORNING - SCHOOL FEE","9","2609"
"2018/2019","2","1","2","14","43300","ND SHSS - EVENING - SCHOOL FEE","12","2610"
"2018/2019","2","2","2","14","27650","ND SHSS - EVENING - SCHOOL FEE","14","2611"
"2018/2019","2","1","5","14","41800","HND SHSS - EVENING - SCHOOL FEE","17","2612"
"2018/2019","2","2","5","14","29650","HND SHSS - EVENING - SCHOOL FEE","19","2613"
"2018/2019","2","1","3","14","47800","ND SHSS - WEEKEND - SCHOOL FEE","22","2614"
"2018/2019","2","1","6","14","47800","HND SHSS - WEEKEND - SCHOOL FEE","22","2615"
"2018/2019","2","2","3","14","34150","ND SHSS - WEEKEND - SCHOOL FEE","24","2616"
"2018/2019","2","2","6","14","34150","HND SHSS - WEEKEND - SCHOOL FEE","24","2617"
"2018/2019","2","1","1","49","40450","ND SCIENCES - MORNING - SCHOOL FEE","1","2618"
"2018/2019","2","2","1","49","24550","ND SCIENCES - MORNING - SCHOOL FEE","4","2619"
"2018/2019","2","1","4","49","38950","HND SCIENCES - MORNING - SCHOOL FEE","6","2620"
"2018/2019","2","2","4","49","26550","HND SCIENCES - MORNING - SCHOOL FEE","9","2621"
"2018/2019","2","1","2","49","43800","ND SCIENCES - EVENING - SCHOOL FEE","11","2622"
"2018/2019","2","2","2","49","27650","ND SCIENCES - EVENING - SCHOOL FEE","14","2623"
"2018/2019","2","1","5","49","42300","HND SCIENCES - EVENING - SCHOOL FEE","16","2624"
"2018/2019","2","2","5","49","29650","HND SCIENCES - EVENING - SCHOOL FEE","19","2625"
"2018/2019","2","1","3","49","48300","ND SCIENCES - WEEKEND - SCHOOL FEE","21","2626"
"2018/2019","2","1","6","49","48300","HND SCIENCES - WEEKEND - SCHOOL FEE","21","2627"
"2018/2019","2","2","3","49","34150","ND SCIENCES - WEEKEND - SCHOOL FEE","24","2628"
"2018/2019","2","2","6","49","34150","HND SCIENCES - WEEKEND - SCHOOL FEE","24","2629"
"2018/2019","2","1","1","48","40450","ND SCIENCES - MORNING - SCHOOL FEE","1","2630"
"2018/2019","2","2","1","48","24550","ND SCIENCES - MORNING - SCHOOL FEE","4","2631"
"2018/2019","2","1","4","48","38950","HND SCIENCES - MORNING - SCHOOL FEE","6","2632"
"2018/2019","2","2","4","48","26550","HND SCIENCES - MORNING - SCHOOL FEE","9","2633"
"2018/2019","2","1","2","48","43800","ND SCIENCES - EVENING - SCHOOL FEE","11","2634"
"2018/2019","2","2","2","48","27650","ND SCIENCES - EVENING - SCHOOL FEE","14","2635"
"2018/2019","2","1","5","48","42300","HND SCIENCES - EVENING - SCHOOL FEE","16","2636"
"2018/2019","2","2","5","48","29650","HND SCIENCES - EVENING - SCHOOL FEE","19","2637"
"2018/2019","2","1","3","48","48300","ND SCIENCES - WEEKEND - SCHOOL FEE","21","2638"
"2018/2019","2","1","6","48","48300","HND SCIENCES - WEEKEND - SCHOOL FEE","21","2639"
"2018/2019","2","2","3","48","34150","ND SCIENCES - WEEKEND - SCHOOL FEE","24","2640"
"2018/2019","2","2","6","48","34150","HND SCIENCES - WEEKEND - SCHOOL FEE","24","2641"
"2018/2019","2","1","1","47","39950","ND SCIENCES - MORNING - SCHOOL FEE","2","2642"
"2018/2019","2","2","1","47","24550","ND SCIENCES - MORNING - SCHOOL FEE","4","2643"
"2018/2019","2","1","4","47","38450","HND SCIENCES - MORNING - SCHOOL FEE","7","2644"
"2018/2019","2","2","4","47","26550","HND SCIENCES - MORNING - SCHOOL FEE","9","2645"
"2018/2019","2","1","2","47","43300","ND SCIENCES - EVENING - SCHOOL FEE","12","2646"
"2018/2019","2","2","2","47","27650","ND SCIENCES - EVENING - SCHOOL FEE","14","2647"
"2018/2019","2","1","5","47","41800","HND SCIENCES - EVENING - SCHOOL FEE","17","2648"
"2018/2019","2","2","5","47","29650","HND SCIENCES - EVENING - SCHOOL FEE","19","2649"
"2018/2019","2","1","3","47","47800","ND SCIENCES - WEEKEND - SCHOOL FEE","22","2650"
"2018/2019","2","1","6","47","47800","HND SCIENCES - WEEKEND - SCHOOL FEE","22","2651"
"2018/2019","2","2","3","47","34150","ND SCIENCES - WEEKEND - SCHOOL FEE","24","2652"
"2018/2019","2","2","6","47","34150","HND SCIENCES - WEEKEND - SCHOOL FEE","24","2653"
"2018/2019","2","1","1","46","39950","ND SCIENCES - MORNING - SCHOOL FEE","2","2654"
"2018/2019","2","2","1","46","24550","ND SCIENCES - MORNING - SCHOOL FEE","4","2655"
"2018/2019","2","1","4","46","38450","HND SCIENCES - MORNING - SCHOOL FEE","7","2656"
"2018/2019","2","2","4","46","26550","HND SCIENCES - MORNING - SCHOOL FEE","9","2657"
"2018/2019","2","1","2","46","43300","ND SCIENCES - EVENING - SCHOOL FEE","12","2658"
"2018/2019","2","2","2","46","27650","ND SCIENCES - EVENING - SCHOOL FEE","14","2659"
"2018/2019","2","1","5","46","41800","HND SCIENCES - EVENING - SCHOOL FEE","17","2660"
"2018/2019","2","2","5","46","29650","HND SCIENCES - EVENING - SCHOOL FEE","19","2661"
"2018/2019","2","1","3","46","47800","ND SCIENCES - WEEKEND - SCHOOL FEE","22","2662"
"2018/2019","2","1","6","46","47800","HND SCIENCES - WEEKEND - SCHOOL FEE","22","2663"
"2018/2019","2","2","3","46","34150","ND SCIENCES - WEEKEND - SCHOOL FEE","24","2664"
"2018/2019","2","2","6","46","34150","HND SCIENCES - WEEKEND - SCHOOL FEE","24","2665"
"2018/2019","2","1","1","15","39950","ND SHSS - MORNING - SCHOOL FEE","2","2666"
"2018/2019","2","2","1","15","24550","ND SHSS - MORNING - SCHOOL FEE","4","2667"
"2018/2019","2","1","4","15","38450","HND SHSS - MORNING - SCHOOL FEE","7","2668"
"2018/2019","2","2","4","15","26550","HND SHSS - MORNING - SCHOOL FEE","9","2669"
"2018/2019","2","1","2","15","43300","ND SHSS - EVENING - SCHOOL FEE","12","2670"
"2018/2019","2","2","2","15","27650","ND SHSS - EVENING - SCHOOL FEE","14","2671"
"2018/2019","2","1","5","15","41800","HND SHSS - EVENING - SCHOOL FEE","17","2672"
"2018/2019","2","2","5","15","29650","HND SHSS - EVENING - SCHOOL FEE","19","2673"
"2018/2019","2","1","3","15","47800","ND SHSS - WEEKEND - SCHOOL FEE","22","2674"
"2018/2019","2","1","6","15","47800","HND SHSS - WEEKEND - SCHOOL FEE","22","2675"
"2018/2019","2","2","3","15","34150","ND SHSS - WEEKEND - SCHOOL FEE","24","2676"
"2018/2019","2","2","6","15","34150","HND SHSS - WEEKEND - SCHOOL FEE","24","2677"
"2016/2017","3","0","0","0","3000","TEDC FEE","0","2679"
"2017/2018","3","0","0","0","3000","TEDC FEE","0","2680"
"2018/2019","3","0","0","0","3000","TEDC FEE","0","2681"
"2016/2017","4","0","2","0","5000","MSC FEE","0","2682"
"2016/2017","4","0","3","0","5000","MSC FEE","0","2683"
"2016/2017","4","0","5","0","5000","MSC FEE","0","2684"
"2016/2017","4","0","6","0","5000","MSC FEE","0","2685"
"2017/2018","4","0","2","0","5000","MSC FEE","0","2686"
"2017/2018","4","0","3","0","5000","MSC FEE","0","2687"
"2017/2018","4","0","5","0","5000","MSC FEE","0","2688"
"2017/2018","4","0","6","0","5000","MSC FEE","0","2689"
"2018/2019","4","0","2","0","5000","MSC FEE","0","2690"
"2018/2019","4","0","3","0","5000","MSC FEE","0","2691"
"2018/2019","4","0","5","0","5000","MSC FEE","0","2692"
"2018/2019","4","0","6","0","5000","MSC FEE","0","2693"
"2018/2019","4","0","2","0","5000","MSC FEE","0","2694"
"2018/2019","4","0","3","0","5000","MSC FEE","0","2695"
"2018/2019","4","0","5","0","5000","MSC FEE","0","2696"
"2018/2019","4","0","6","0","5000","MSC FEE","0","2697"
"2016/2017","1","0","0","0","20000","Acceptance Fee","1","2698"
"2017/2018","1","0","0","0","20000","Acceptance Fee","1","2699"
"2018/2019","1","0","0","0","20000","Acceptance Fee","1","2700"
"s","0","0","0","0","0",,"0","2701"
"2016/2017","2","1","1","50","34650","ND SCIENCES - MORNING - SCHOOL FEE","1","2702"
"2015/2016","2","1","1","50","34650","ND SCIENCES - MORNING - SCHOOL FEE","1","2703"
"2016/2017","2","2","1","50","24050","ND SCIENCES - MORNING - SCHOOL FEE","4","2704"
"2015/2016","2","2","1","50","24050","ND SCIENCES - MORNING - SCHOOL FEE","4","2705"
"2016/2017","2","1","4","50","33150","HND SCIENCES - MORNING - SCHOOL FEE","6","2706"
"2015/2016","2","1","4","50","33150","HND SCIENCES - MORNING - SCHOOL FEE","6","2707"
"2016/2017","2","2","4","50","26050","HND SCIENCES - MORNING - SCHOOL FEE","9","2708"
"2015/2016","2","2","4","50","26050","HND SCIENCES - MORNING - SCHOOL FEE","9","2709"
"2016/2017","2","1","2","50","38000","ND SCIENCES - EVENING - SCHOOL FEE","11","2710"
"2015/2016","2","1","2","50","38000","ND SCIENCES - EVENING - SCHOOL FEE","11","2711"
"2016/2017","2","2","2","50","27150","ND SCIENCES - EVENING - SCHOOL FEE","14","2712"
"2015/2016","2","2","2","50","27150","ND SCIENCES - EVENING - SCHOOL FEE","14","2713"
"2016/2017","2","1","5","50","36500","HND SCIENCES - EVENING - SCHOOL FEE","16","2714"
"2015/2016","2","1","5","50","36500","HND SCIENCES - EVENING - SCHOOL FEE","16","2715"
"2016/2017","2","2","5","50","29150","HND SCIENCES - EVENING - SCHOOL FEE","19","2716"
"2015/2016","2","2","5","50","29150","HND SCIENCES - EVENING - SCHOOL FEE","19","2717"
"2016/2017","2","1","3","50","42500","ND SCIENCES - WEEKEND - SCHOOL FEE","21","2718"
"2016/2017","2","1","6","50","42500","HND SCIENCES - WEEKEND - SCHOOL FEE","21","2719"
"2015/2016","2","1","3","50","42500","ND SCIENCES - WEEKEND - SCHOOL FEE","21","2720"
"2015/2016","2","1","6","50","42500","HND SCIENCES - WEEKEND - SCHOOL FEE","21","2721"
"2016/2017","2","2","3","50","33650","ND SCIENCES - WEEKEND - SCHOOL FEE","24","2722"
"2016/2017","2","2","6","50","33650","HND SCIENCES - WEEKEND - SCHOOL FEE","24","2723"
"2015/2016","2","2","3","50","33650","ND SCIENCES - WEEKEND - SCHOOL FEE","24","2724"
"2015/2016","2","2","6","50","33650","HND SCIENCES - WEEKEND - SCHOOL FEE","24","2725"
"2017/2018","2","1","1","50","40450","ND SCIENCES - MORNING - SCHOOL FEE","1","2726"
"2017/2018","2","2","1","50","24550","ND SCIENCES - MORNING - SCHOOL FEE","4","2727"
"2017/2018","2","1","4","50","38950","HND SCIENCES - MORNING - SCHOOL FEE","6","2728"
"2017/2018","2","2","4","50","26550","HND SCIENCES - MORNING - SCHOOL FEE","9","2729"
"2017/2018","2","1","2","50","43800","ND SCIENCES - EVENING - SCHOOL FEE","11","2730"
"2017/2018","2","2","2","50","27650","ND SCIENCES - EVENING - SCHOOL FEE","14","2731"
"2017/2018","2","1","5","50","42300","HND SCIENCES - EVENING - SCHOOL FEE","16","2732"
"2017/2018","2","2","5","50","29650","HND SCIENCES - EVENING - SCHOOL FEE","19","2733"
"2017/2018","2","1","3","50","48300","ND SCIENCES - WEEKEND - SCHOOL FEE","21","2734"
"2017/2018","2","1","6","50","48300","HND SCIENCES - WEEKEND - SCHOOL FEE","21","2735"
"2017/2018","2","2","3","50","34150","ND SCIENCES - WEEKEND - SCHOOL FEE","24","2736"
"2017/2018","2","2","6","50","34150","HND SCIENCES - WEEKEND - SCHOOL FEE","24","2737"
"2014/2015","2","1","1","50","34650","ND SCIENCES - MORNING - SCHOOL FEE","1","2738"
"2014/2015","2","2","1","50","24050","ND SCIENCES - MORNING - SCHOOL FEE","4","2739"
"2014/2015","2","1","4","50","33150","HND SCIENCES - MORNING - SCHOOL FEE","6","2740"
"2014/2015","2","2","4","50","26050","HND SCIENCES - MORNING - SCHOOL FEE","9","2741"
"2014/2015","2","1","2","50","38000","ND SCIENCES - EVENING - SCHOOL FEE","11","2742"
"2014/2015","2","2","2","50","27150","ND SCIENCES - EVENING - SCHOOL FEE","14","2743"
"2014/2015","2","1","5","50","36500","HND SCIENCES - EVENING - SCHOOL FEE","16","2744"
"2014/2015","2","2","5","50","29150","HND SCIENCES - EVENING - SCHOOL FEE","19","2745"
"2014/2015","2","1","3","50","42500","ND SCIENCES - WEEKEND - SCHOOL FEE","21","2746"
"2014/2015","2","1","6","50","42500","HND SCIENCES - WEEKEND - SCHOOL FEE","21","2747"
"2014/2015","2","2","3","50","33650","ND SCIENCES - WEEKEND - SCHOOL FEE","24","2748"
"2014/2015","2","2","6","50","33650","HND SCIENCES - WEEKEND - SCHOOL FEE","24","2749"
"2018/2019","2","1","1","50","40450","ND SCIENCES - MORNING - SCHOOL FEE","1","2750"
"2018/2019","2","2","1","50","24550","ND SCIENCES - MORNING - SCHOOL FEE","4","2751"
"2018/2019","2","1","4","50","38950","HND SCIENCES - MORNING - SCHOOL FEE","6","2752"
"2018/2019","2","2","4","50","26550","HND SCIENCES - MORNING - SCHOOL FEE","9","2753"
"2018/2019","2","1","2","50","43800","ND SCIENCES - EVENING - SCHOOL FEE","11","2754"
"2018/2019","2","2","2","50","27650","ND SCIENCES - EVENING - SCHOOL FEE","14","2755"
"2018/2019","2","1","5","50","42300","HND SCIENCES - EVENING - SCHOOL FEE","16","2756"
"2018/2019","2","2","5","50","29650","HND SCIENCES - EVENING - SCHOOL FEE","19","2757"
"2018/2019","2","1","3","50","48300","ND SCIENCES - WEEKEND - SCHOOL FEE","21","2758"
"2018/2019","2","1","6","50","48300","HND SCIENCES - WEEKEND - SCHOOL FEE","21","2759"
"2018/2019","2","2","3","50","34150","ND SCIENCES - WEEKEND - SCHOOL FEE","24","2760"
"2018/2019","2","2","6","50","34150","HND SCIENCES - WEEKEND - SCHOOL FEE","24","2761"
